Structure;Nres;NSSE;RMSD;Qscore
1bun:B;61;3;1.0897;0.7386
1dtx:A;59;4;0.4730;0.8434
1fsr:I;57;4;0.7152;0.8466
1knt:A;55;4;0.6894;0.8808
1yco:I;66;4;0.4770;0.7537
1zr0:B;63;4;0.4394;0.7925
3byb:A;58;4;0.4699;0.8583
3m7q:B;61;4;0.6567;0.7978
3wny:A;56;4;0.7027;0.8634
4bqd:A;78;6;1.1643;0.6415
4dtg:K;60;4;0.4319;0.8327
4ntw:B;66;4;1.2502;0.7242
4u30:X;54;3;1.2376;0.8071
4u32:X;54;3;0.7432;0.8247
5mwz:A;55;4;0.5192;0.8687
5vy7:A;60;4;0.4852;0.8283
6bx8:B;55;4;0.4233;0.9092
6har:E;54;4;0.4867;0.9222
6q61:A;59;4;0.5506;0.8362